Language,code,Samples,Glottocode,Genus,Subfamily,Family,Area,Type_wdef,Type_simp,Type_yn,Exist_Dem,Gender_Dem,Number_Dem,Case_Dem,Def_Dem,Person_Dem,Clf_Dem,Exist_Num,Gender_Num,Number_Num,Case_Num,Def_Num,Person_Num,Clf_Num,Exist_Adj,Gender_Adj,Number_Adj,Case_Adj,Def_Adj,Person_Adj,Clf_Adj,28A,49A,51A,33A,21A,34A,30A,31A,32A,55A,87A,88A,89A,86A,90A,81A,82A,83A
Indonesian,ind,"['WALS-174', 'WALS-200', 'WALS-100']",indo1316,Malayo-Sumbawan,,Austronesian,Papunesia,none-clf,no concord,no concord,True,False,False,False,False,False,False,True,False,False,False,False,False,True,True,False,False,False,False,False,False,No case marking,No morphological case-marking,No case affixes or adpositional clitics,Plural complete reduplication,No case,"All nouns, always optional",None,No gender,No gender,Optional,Noun-Adjective,Noun-Demonstrative,Numeral-Noun,Noun-Genitive,Noun-Relative clause,SVO,SV,VO
Lango,lan,"['WALS-174', 'WALS-200', 'WALS-100', 'Hasp-100']",lang1324,Nilotic,,Eastern Sudanic,Africa,indeterminate-1ft,indeterminate,concord,True,False,True,False,False,False,False,True,False,False,False,False,False,False,True,False,True,False,False,False,False,No case marking,No morphological case-marking,No case affixes or adpositional clitics,Plural suffix,No case,"Only human nouns, obligatory",None,No gender,No gender,Absent,Noun-Adjective,Noun-Demonstrative,Noun-Numeral,Noun-Genitive,Noun-Relative clause,SVO,SV,VO
Kayardild,kay,"['WALS-174', 'WALS-200', 'WALS-100', 'Hasp-100']",kaya1319,Tangkic,,Tangkic,Australia,indeterminate-1ft,indeterminate,concord,True,False,False,True,False,False,False,True,False,False,True,False,False,False,True,False,False,True,False,False,False,Core and non-core,10 or more cases,Case suffixes,No plural,Case + TAM,No nominal plural,None,No gender,No gender,--,Adjective-Noun,Demonstrative-Noun,Numeral-Noun,Genitive-Noun,Noun-Relative clause,No dominant order,SV,No dominant order
Haida,hai,"['WALS-174', 'WALS-200', 'Hasp-100']",nort2938,Haida,,Haida,North America,indeterminate-1cat-clf,indeterminate,concord,True,True,True,False,False,False,False,True,False,False,False,False,False,True,True,False,False,False,False,False,False,No case marking,No morphological case-marking,Postpositional clitics,Plural suffix,No case,--,None,No gender,No gender,Optional,Noun-Adjective,Demonstrative-Noun,Noun-Numeral,Genitive-Noun,Internally headed,SOV,SV,OV
Fijian,fij,"['WALS-174', 'WALS-200', 'WALS-100']",fiji1243,Oceanic,Eastern Malayo-Polynesian,Austronesian,Papunesia,none,no concord,no concord,True,False,False,False,False,False,False,True,False,False,False,False,False,False,True,False,False,False,False,False,False,Core cases only,No morphological case-marking,No case affixes or adpositional clitics,--,No case,--,None,No gender,No gender,Absent,Noun-Adjective,Noun-Demonstrative,Numeral-Noun,Noun-Genitive,Noun-Relative clause,No dominant order,VS,VO
Turkish,tur,"['WALS-174', 'WALS-200', 'WALS-100']",nucl1301,Turkic,,Altaic,Eurasia,none,no concord,no concord,True,False,False,False,False,False,False,True,False,False,False,False,False,False,True,False,False,False,False,False,False,No syncretism,6-7 cases,Case suffixes,Plural suffix,Monoexponential case,"All nouns, always obligatory",None,No gender,No gender,Optional,Adjective-Noun,Demonstrative-Noun,Numeral-Noun,Genitive-Noun,Relative clause-Noun,SOV,SV,OV
Burmese,brm,"['WALS-174', 'WALS-200', 'WALS-100']",nucl1310,Burmese-Lolo,Tibeto-Burman,Sino-Tibetan,Eurasia,none,no concord,no concord,True,False,False,False,False,False,False,True,False,False,False,False,False,False,True,False,False,False,False,False,False,No case marking,8-9 cases,Case suffixes,Plural word,Monoexponential case,--,None,No gender,No gender,Obligatory,Noun-Adjective,Demonstrative-Noun,Noun-Numeral,Genitive-Noun,Relative clause-Noun,SOV,SV,OV
Suena,sue,"['WALS-174', 'WALS-200']",suen1241,Binanderean,,Trans-New Guinea,Papunesia,indeterminate-minimal,indeterminate,concord,True,False,False,False,False,False,False,True,False,False,False,False,False,False,True,False,True,False,False,False,False,Core cases only,4 cases,Case suffixes,--,--,"Only human nouns, optional",None,No gender,No gender,Absent,Noun-Adjective,Noun-Demonstrative,Noun-Numeral,Genitive-Noun,--,SOV,SV,OV
Lezgian,lez,"['WALS-174', 'WALS-200', 'WALS-100']",lezg1247,Lezgic,Daghestanian,Nakh-Daghestanian,Eurasia,none,no concord,no concord,True,False,False,False,False,False,False,True,False,False,False,False,False,False,True,False,False,False,False,False,False,Core and non-core,10 or more cases,Case suffixes,Plural suffix,Monoexponential case,"All nouns, always obligatory",None,No gender,No gender,Absent,Adjective-Noun,Demonstrative-Noun,Numeral-Noun,Genitive-Noun,Relative clause-Noun,SOV,SV,OV
Supyire,sup,"['WALS-174', 'WALS-200', 'WALS-100']",supy1237,Gur,,Niger-Congo,Africa,mixed-subsective-crossed,uniform,concord,True,True,True,False,False,False,False,True,False,False,False,True,False,False,True,True,True,False,True,False,False,No case marking,Exclusively borderline case-marking,No case affixes or adpositional clitics,Plural suffix,No case,"All nouns, always obligatory",Five or more,Non-sex-based,Semantic and formal,Absent,Noun-Adjective,Demonstrative-Noun,Noun-Numeral,Genitive-Noun,Correlative,SOV,SV,OV
Yuchi,yuc,"['WALS-174', 'WALS-200']",yuch1247,Yuchi,,Yuchi,North America,indeterminate-1cat,indeterminate,concord,True,True,True,False,False,False,False,True,False,False,False,False,False,False,True,False,False,False,False,False,False,No case marking,Exclusively borderline case-marking,Case suffixes,Plural word,No case,--,--,--,--,Absent,Noun-Adjective,Demonstrative-Noun,Noun-Numeral,Genitive-Noun,Noun-Relative clause,SOV,SV,OV
Nenets,nen,"['WALS-174', 'WALS-200']",nene1249,Samoyedic,,Uralic,Eurasia,mixed-subsective,mixed,concord,True,False,True,False,False,False,False,True,False,True,False,False,False,False,True,False,True,True,False,False,False,--,--,--,--,--,--,--,--,--,--,--,--,--,--,--,--,--,--
Paiwan,pai,"['WALS-174', 'WALS-200', 'WALS-100']",paiw1248,Paiwan,,Austronesian,Papunesia,none-clf,no concord,no concord,True,False,False,False,False,False,False,True,False,False,False,False,False,True,True,False,False,False,False,False,False,No syncretism,No morphological case-marking,No case affixes or adpositional clitics,--,Case + referentiality,--,None,No gender,No gender,--,Noun-Adjective,Demonstrative-Noun,Noun-Numeral,Noun-Genitive,Noun-Relative clause,No dominant order,VS,VO
Cree (Plains),cre,"['WALS-174', 'WALS-200', 'WALS-100']",plai1258,Algonquian,,Algic,North America,indeterminate-1cat,indeterminate,concord,True,True,True,False,False,False,False,True,False,False,False,False,False,False,False,False,False,False,False,False,False,No case marking,Exclusively borderline case-marking,Case suffixes,Plural suffix,Case + referentiality,"All nouns, always obligatory",Two,Non-sex-based,Semantic,Absent,--,Demonstrative-Noun,--,--,--,No dominant order,No dominant order,VO
Grebo,grb,"['WALS-174', 'WALS-200', 'WALS-100']",barc1235,Kru,,Niger-Congo,Africa,indeterminate-1ft,indeterminate,concord,True,False,True,False,False,False,False,True,False,False,False,False,False,False,True,False,True,False,False,False,False,No case marking,No morphological case-marking,No case affixes or adpositional clitics,Plural suffix,No case,"All nouns, always obligatory",Three,Non-sex-based,Semantic,--,Noun-Adjective,Noun-Demonstrative,Noun-Numeral,Genitive-Noun,Noun-Relative clause,SVO,SV,VO
Ket,ket,"['WALS-174', 'WALS-200', 'Hasp-100']",kett1243,Yeniseian,,Yeniseian,Eurasia,mixed-subsective,mixed,concord,True,True,True,False,False,False,False,True,False,False,False,False,False,False,True,False,True,False,False,False,False,No syncretism,10 or more cases,Case suffixes,Plural suffix,No case,"All nouns, always obligatory",Three,Sex-based,Semantic,--,Adjective-Noun,Demonstrative-Noun,Numeral-Noun,Genitive-Noun,--,SOV,SV,OV
Tukang Besi,tuk,"['WALS-174', 'WALS-200', 'WALS-100']",tuka1248,Celebic,,Austronesian,Papunesia,none,no concord,no concord,True,False,False,False,False,False,False,True,False,False,False,False,False,False,True,False,False,False,False,False,False,No case marking,No morphological case-marking,No case affixes or adpositional clitics,No plural,Case + referentiality,--,None,No gender,No gender,Optional,Noun-Adjective,Noun-Demonstrative,Noun-Numeral,Noun-Genitive,Mixed,VOS,VS,VO
Gooniyandi,goo,"['WALS-174', 'WALS-200', 'WALS-100']",goon1238,Bunuban,,Bunuban,Australia,indeterminate-minimal,indeterminate,concord,True,False,False,True,False,False,False,True,False,False,False,False,False,False,True,False,False,False,False,False,False,No case marking,10 or more cases,Inpositional clitics,Plural clitic,Monoexponential case,--,None,No gender,No gender,Absent,Noun-Adjective,Demonstrative-Noun,Numeral-Noun,No dominant order,--,No dominant order,SV,OV
Trumai,tru,"['WALS-174', 'WALS-200', 'Hasp-100']",trum1247,Trumai,,Trumai,South America,indeterminate-minimal,indeterminate,concord,True,True,False,False,False,False,False,True,False,False,False,False,False,False,True,False,False,False,False,False,False,No syncretism,5 cases,Case suffixes,Plural word,Monoexponential case,"Only human nouns, obligatory",--,--,--,--,No dominant order,Demonstrative-Noun,Numeral-Noun,Genitive-Noun,--,No dominant order,SV,No dominant order
Wari',war,"['WALS-174', 'WALS-200', 'WALS-100', 'Hasp-100']",wari1268,Chapacura-Wanham,,Chapacura-Wanham,South America,indeterminate-minimal,indeterminate,concord,True,True,False,False,False,False,False,True,False,False,False,False,False,False,False,False,False,False,False,False,False,No case marking,No morphological case-marking,No case affixes or adpositional clitics,Plural word,No case,--,Three,Sex-based,Semantic,Absent,--,Noun-Demonstrative,Numeral only modifies verb,Noun-Genitive,Noun-Relative clause,VOS,VS,VO
Taba,tab,"['WALS-174', 'WALS-200']",east2440,South Halmahera - West New Guinea,Eastern Malayo-Polynesian,Austronesian,Papunesia,none-clf,no concord,no concord,True,False,False,False,False,False,False,True,False,False,False,False,False,True,True,False,False,False,False,False,False,No case marking,No morphological case-marking,No case affixes or adpositional clitics,Plural clitic,--,"Only human nouns, obligatory",None,No gender,No gender,Obligatory,Noun-Adjective,Noun-Demonstrative,Noun-Numeral,Genitive-Noun,Noun-Relative clause,SVO,SV,VO
Amele,ame,"['WALS-174', 'WALS-200', 'WALS-100']",amel1241,Madang,,Trans-New Guinea,Papunesia,none,no concord,no concord,True,False,False,False,False,False,False,True,False,False,False,False,False,False,True,False,False,False,False,False,False,No case marking,No morphological case-marking,No case affixes or adpositional clitics,Mixed morphological plural,No case,"Only human nouns, obligatory",None,No gender,No gender,Absent,Noun-Adjective,Noun-Demonstrative,Noun-Numeral,Genitive-Noun,Noun-Relative clause,SOV,SV,OV
Greenlandic (West),grw,"['WALS-174', 'WALS-200', 'WALS-100']",kala1399,Eskimo,,Eskimo-Aleut,Eurasia,uniform,uniform,concord,True,False,True,True,False,False,False,True,False,True,True,False,False,False,True,False,True,True,False,False,False,Core cases only,8-9 cases,Case suffixes,Plural suffix,Case + number,"All nouns, always obligatory",None,No gender,No gender,--,Noun-Adjective,Mixed,Noun-Numeral,Genitive-Noun,Noun-Relative clause,SOV,SV,OV
Marind,mrd,"['WALS-174', 'WALS-200']",nucl1622,Marind Proper,,Marind,Papunesia,uniform,uniform,concord,True,True,True,False,False,False,False,True,False,False,False,False,False,False,True,True,True,False,False,False,False,No case marking,No morphological case-marking,--,--,--,--,Four,Sex-based,Semantic,--,--,--,No dominant order,Genitive-Noun,--,SOV,SV,OV
Yagua,yag,"['WALS-174', 'WALS-200', 'WALS-100', 'Hasp-100']",yagu1244,Peba-Yaguan,,Peba-Yaguan,South America,uniform,uniform,concord,True,True,True,False,False,False,False,True,True,True,False,False,False,False,True,True,True,False,False,False,False,No case marking,Exclusively borderline case-marking,Case suffixes,Plural suffix,No case,--,--,--,--,Obligatory,Noun-Adjective,Demonstrative-Noun,Numeral-Noun,Genitive-Noun,Noun-Relative clause,No dominant order,VS,VO
Lavukaleve,lav,"['WALS-174', 'WALS-200', 'WALS-100', 'Hasp-100']",lavu1241,Lavukaleve,,Solomons East Papuan,Papunesia,uniform-numnonum,uniform,concord,True,True,True,False,False,False,False,True,True,False,False,False,False,False,True,True,True,False,False,False,False,No case marking,No morphological case-marking,Case suffixes,Plural suffix,No case,"All nouns, always obligatory",Three,Sex-based,Semantic and formal,--,Noun-Adjective,--,Noun-Numeral,Genitive-Noun,Internally headed,SOV,SV,OV
Wardaman,wrd,"['WALS-174', 'WALS-200']",ward1246,Yangmanic,Gunwinyguan,Yangmanic,Australia,mixed-subsective,mixed,concord,True,False,True,True,False,False,False,True,False,False,True,False,False,False,True,True,True,True,False,False,False,No syncretism,8-9 cases,Case suffixes,Plural suffix,Monoexponential case,"All nouns, always optional",Three,Non-sex-based,Semantic,--,Noun-Adjective,Demonstrative-Noun,Numeral-Noun,No dominant order,--,No dominant order,No dominant order,No dominant order
Aymara (Central),aym,"['WALS-174', 'WALS-200']",cent2142,Aymaran,,Aymaran,South America,none,no concord,no concord,True,False,False,False,False,False,False,True,False,False,False,False,False,False,True,False,False,False,False,False,False,No case marking,6-7 cases,Postpositional clitics,Plural suffix,Monoexponential case,--,--,--,--,--,Adjective-Noun,Demonstrative-Noun,Numeral-Noun,Genitive-Noun,--,SOV,SV,OV
Ewe,ewe,"['WALS-174', 'WALS-200']",ewee1241,Kwa,,Niger-Congo,Africa,none,no concord,no concord,True,False,False,False,False,False,False,True,False,False,False,False,False,False,True,False,False,False,False,False,False,No case marking,No morphological case-marking,No case affixes or adpositional clitics,Plural clitic,--,--,None,No gender,No gender,--,Noun-Adjective,Noun-Demonstrative,Noun-Numeral,Genitive-Noun,Noun-Relative clause,SVO,SV,VO
Maricopa,mar,"['WALS-174', 'WALS-200', 'WALS-100']",mari1440,Yuman,,Hokan,North America,none,no concord,no concord,True,False,False,False,False,False,False,True,False,False,False,False,False,False,True,False,False,False,False,False,False,No syncretism,6-7 cases,Postpositional clitics,Plural stem change,Monoexponential case,"Only human nouns, optional",None,No gender,No gender,Absent,Noun-Adjective,Noun-Demonstrative,Noun-Numeral,Genitive-Noun,Mixed,SOV,SV,OV
Persian,prs,"['WALS-174', 'WALS-200', 'WALS-100']",west2369,Iranian,,Indo-European,Eurasia,indeterminate-minimal-clf,indeterminate,concord,True,False,True,False,False,False,False,True,False,False,False,False,False,True,True,False,False,False,False,False,False,No case marking,2 cases,No case affixes or adpositional clitics,Plural suffix,Monoexponential case,--,None,No gender,No gender,Optional,Noun-Adjective,Demonstrative-Noun,Numeral-Noun,Noun-Genitive,Noun-Relative clause,SOV,SV,OV
Arapesh (Mountain),arp,"['WALS-174', 'WALS-200', 'WALS-100']",buki1249,Kombio-Arapesh,,Torricelli,Papunesia,uniform,uniform,concord,True,True,True,False,False,False,False,True,True,True,False,False,False,False,True,True,True,False,False,False,False,No case marking,No morphological case-marking,No case affixes or adpositional clitics,Plural suffix,No case,--,Five or more,Sex-based,Semantic and formal,--,Adjective-Noun,Demonstrative-Noun,Numeral-Noun,No dominant order,--,SVO,SV,VO
Berber (Middle Atlas),bma,"['WALS-174', 'WALS-200', 'WALS-100']",cent2194,Berber,,Afro-Asiatic,Africa,mixed-subsective,mixed,concord,True,False,False,False,False,False,False,True,True,False,False,False,False,False,True,True,True,False,False,False,False,No case marking,2 cases,Case prefixes,Mixed morphological plural,Monoexponential case,--,Two,Sex-based,Semantic and formal,--,Noun-Adjective,Mixed,Numeral-Noun,Noun-Genitive,Noun-Relative clause,VSO,VS,VO
Koyraboro Senni,kse,"['WALS-174', 'WALS-200', 'WALS-100']",koyr1242,Songhay,,Songhay,Africa,indeterminate-minimal,indeterminate,concord,True,False,True,False,False,False,False,True,False,False,False,False,False,False,True,False,False,False,False,False,False,No case marking,No morphological case-marking,No case affixes or adpositional clitics,Plural clitic,--,--,None,No gender,No gender,--,Noun-Adjective,Noun-Demonstrative,Noun-Numeral,Genitive-Noun,Noun-Relative clause,SOV,SV,OV
Mundari,mun,"['WALS-174', 'WALS-200']",mund1320,Munda,,Austro-Asiatic,Eurasia,indeterminate-1cat,indeterminate,concord,True,True,True,False,False,False,False,True,False,False,False,False,False,False,True,False,False,False,False,False,False,No case marking,8-9 cases,No case affixes or adpositional clitics,Plural suffix,Monoexponential case,--,Two,Non-sex-based,Semantic,--,Adjective-Noun,Demonstrative-Noun,Numeral-Noun,Genitive-Noun,Relative clause-Noun,SOV,SV,OV
Nunggubuyu,nug,"['WALS-174', 'WALS-200']",nung1290,Nunggubuyu,Gunwinyguan,Gunwinyguan,Australia,mixed-subsective,mixed,concord,True,True,True,True,False,False,False,True,True,True,False,False,False,False,True,True,True,True,False,False,False,No syncretism,10 or more cases,Case suffixes,Plural prefix,--,--,Five or more,Sex-based,Semantic and formal,Absent,No dominant order,Demonstrative-Noun,--,No dominant order,Noun-Relative clause,No dominant order,No dominant order,No dominant order
Imonda,imo,"['WALS-174', 'WALS-200', 'WALS-100', 'Hasp-100']",imon1245,Border,,Border,Papunesia,none,no concord,no concord,True,False,False,False,False,False,False,True,False,False,False,False,False,False,True,False,False,False,False,False,False,No syncretism,5 cases,Postpositional clitics,No plural,Monoexponential case,No nominal plural,None,No gender,No gender,Absent,Noun-Adjective,Mixed,Noun-Numeral,Genitive-Noun,Mixed,--,SV,OV
Lakhota,lkt,"['WALS-174', 'WALS-200', 'WALS-100', 'Hasp-100']",lako1247,Core Siouan,,Siouan,North America,indeterminate-1ft,indeterminate,concord,True,False,True,False,False,False,False,True,False,False,False,False,False,False,True,False,True,False,False,False,False,No case marking,No morphological case-marking,No case affixes or adpositional clitics,Plural word,No case,--,--,--,--,Absent,Noun-Adjective,Mixed,Noun-Numeral,No dominant order,Internally headed,SOV,SV,OV
Kannada,knd,"['WALS-174', 'WALS-200', 'WALS-100', 'Hasp-100']",nucl1305,Southern Dravidian,,Dravidian,Eurasia,none,no concord,no concord,True,False,False,False,False,False,False,True,False,False,False,False,False,False,True,False,False,False,False,False,False,No syncretism,6-7 cases,Case suffixes,Plural suffix,Monoexponential case,"All nouns, optional in inanimates",Three,Sex-based,Semantic,Absent,Adjective-Noun,Demonstrative-Noun,Numeral-Noun,Genitive-Noun,Mixed,SOV,SV,OV
Oromo (Harar),orh,"['WALS-174', 'WALS-200', 'WALS-100']",east2652,Lowland East Cushitic,Cushitic,Afro-Asiatic,Africa,mixed-subsective,mixed,concord,True,True,False,True,False,False,False,True,False,False,False,False,False,False,True,True,True,True,False,False,False,Core cases only,6-7 cases,Case suffixes,No plural,Monoexponential case,"Only human nouns, optional",Two,Sex-based,Semantic and formal,Absent,Noun-Adjective,Noun-Demonstrative,Noun-Numeral,Noun-Genitive,Noun-Relative clause,SOV,SV,OV
Selknam,sel,"['WALS-174', 'WALS-200']",onaa1245,Chon Proper,,Chon,South America,uniform-numnonum,uniform,concord,True,True,True,False,False,False,False,True,True,False,False,False,False,False,False,False,False,False,False,False,False,No case marking,Exclusively borderline case-marking,--,--,--,--,--,--,--,--,Adjective-Noun,--,--,--,--,OVS,VS,OV
Burushaski,bur,"['WALS-174', 'WALS-200', 'WALS-100', 'Hasp-100']",buru1296,Burushaski,,Burushaski,Eurasia,mixed-subsective-crossed,mixed,concord,True,True,True,False,False,False,False,True,True,False,False,False,False,False,True,False,True,False,False,False,False,Core and non-core,8-9 cases,Case suffixes,Plural suffix,Monoexponential case,"All nouns, always obligatory",Four,Sex-based,Semantic,Absent,Adjective-Noun,Demonstrative-Noun,Numeral-Noun,Genitive-Noun,Relative clause-Noun,SOV,SV,OV
Kiowa,kio,"['WALS-174', 'WALS-200', 'WALS-100']",kiow1266,Kiowa-Tanoan,,Kiowa-Tanoan,North America,indeterminate-1ft,indeterminate,concord,True,False,True,False,False,False,False,True,False,False,False,False,False,False,True,False,True,False,False,False,False,No case marking,Exclusively borderline case-marking,Case suffixes,Plural suffix,No case,--,--,--,--,Absent,--,Demonstrative-Noun,Numeral-Noun,Genitive-Noun,Internally headed,SOV,SV,OV
Makah,mak,"['WALS-174', 'WALS-200', 'WALS-100']",maka1318,Southern Wakashan,,Wakashan,North America,none-clf,no concord,no concord,True,False,False,False,False,False,False,True,False,False,False,False,False,True,True,False,False,False,False,False,False,--,No morphological case-marking,No case affixes or adpositional clitics,Plural clitic,--,--,None,No gender,No gender,--,No dominant order,Demonstrative-Noun,No dominant order,No dominant order,Mixed,VSO,VS,VO
Krongo,kro,"['WALS-174', 'WALS-200', 'WALS-100', 'Hasp-100']",kron1241,Kadugli,,Kadu,Africa,none,no concord,no concord,True,False,False,False,False,False,False,True,False,False,False,False,False,False,True,False,False,False,False,False,False,Core and non-core,6-7 cases,Case prefixes,Plural prefix,No case,"All nouns, always obligatory",--,--,--,--,Noun-Adjective,Noun-Demonstrative,Noun-Numeral,Noun-Genitive,Noun-Relative clause,VSO,VS,VO
Nubian (Dongolese),nbd,"['WALS-174', 'WALS-200', 'Hasp-100']",dong1288,Nubian,,Eastern Sudanic,Africa,indeterminate-minimal,indeterminate,concord,True,False,False,False,False,False,False,True,False,False,False,False,False,False,True,False,True,False,False,False,False,No syncretism,6-7 cases,Postpositional clitics,Plural suffix,Monoexponential case,"All nouns, always obligatory",None,No gender,No gender,Absent,Noun-Adjective,Demonstrative-Noun,Noun-Numeral,Genitive-Noun,Noun-Relative clause,SOV,SV,OV
Nez Perce,nez,"['WALS-174', 'WALS-200']",nezp1238,Sahaptian,,Penutian,North America,mixed-nonsubsective,mixed,concord,True,False,True,True,False,False,False,True,True,False,True,False,False,False,True,False,True,True,False,False,False,No syncretism,10 or more cases,Case suffixes,--,--,--,None,No gender,No gender,--,Adjective-Noun,Demonstrative-Noun,Numeral-Noun,Genitive-Noun,Noun-Relative clause,No dominant order,No dominant order,No dominant order
Ladakhi,lad,"['WALS-174', 'WALS-200']",lada1244,Bodic,Tibeto-Burman,Sino-Tibetan,Eurasia,none,no concord,no concord,True,False,False,False,False,False,False,True,False,False,False,False,False,False,True,False,False,False,False,False,False,No syncretism,5 cases,Case suffixes,Plural suffix,--,--,None,No gender,No gender,--,Noun-Adjective,Demonstrative-Noun,Noun-Numeral,Genitive-Noun,--,SOV,SV,OV
German,ger,"['WALS-174', 'WALS-200', 'WALS-100', 'Hasp-100']",stan1295,Germanic,,Indo-European,Eurasia,uniform-demnodef,uniform,concord,True,True,True,True,False,False,False,True,False,False,False,False,False,False,True,True,True,True,True,False,False,Core and non-core,4 cases,Case suffixes,Plural suffix,Case + number,"All nouns, always obligatory",Three,Sex-based,Semantic and formal,Absent,Adjective-Noun,Demonstrative-Noun,Numeral-Noun,Noun-Genitive,Noun-Relative clause,No dominant order,SV,No dominant order
Kayah Li (Eastern),kyl,"['WALS-174', 'WALS-200']",east2342,Karen,Tibeto-Burman,Sino-Tibetan,Eurasia,none,no concord,no concord,True,False,False,False,False,False,False,True,False,False,False,False,False,False,False,False,False,False,False,False,False,No case marking,No morphological case-marking,No case affixes or adpositional clitics,No plural,--,--,--,--,--,Obligatory,Noun-Adjective,Noun-Demonstrative,Noun-Numeral,Genitive-Noun,Noun-Relative clause,SVO,SV,VO
Hebrew (Modern),heb,"['WALS-174', 'WALS-200', 'WALS-100']",hebr1245,Semitic,,Afro-Asiatic,Eurasia,mixed-subsective,mixed,concord,True,True,True,False,True,False,False,True,True,False,False,False,False,False,True,True,True,False,True,False,False,No case marking,No morphological case-marking,Prepositional clitics,Plural suffix,No case,"All nouns, always obligatory",Two,Sex-based,Semantic and formal,Absent,Noun-Adjective,Noun-Demonstrative,Numeral-Noun,Noun-Genitive,Noun-Relative clause,SVO,SV,VO
Awa Pit,awp,"['WALS-174', 'WALS-200', 'Hasp-100']",awac1239,Barbacoan,,Barbacoan,South America,none,no concord,no concord,True,False,False,False,False,False,False,True,False,False,False,False,False,False,True,False,False,False,False,False,False,No case marking,10 or more cases,Postpositional clitics,Plural suffix,Monoexponential case,--,None,No gender,No gender,--,Adjective-Noun,Demonstrative-Noun,Numeral-Noun,Genitive-Noun,--,SOV,SV,OV
Kera,ker,"['WALS-174', 'WALS-200']",kera1255,East Chadic,Chadic,Afro-Asiatic,Africa,mixed-nonsubsective,uniform,concord,True,True,True,False,False,False,False,True,False,False,False,True,False,False,True,True,True,False,False,False,False,No case marking,Exclusively borderline case-marking,Case suffixes,Plural prefix,--,--,--,--,--,--,Noun-Adjective,Noun-Demonstrative,Noun-Numeral,Noun-Genitive,Noun-Relative clause,SVO,SV,VO
Maung,mau,"['WALS-174', 'WALS-200', 'WALS-100']",maun1240,Iwaidjan,,Iwaidjan,Australia,uniform,uniform,concord,True,True,True,False,False,False,False,True,False,False,False,False,False,False,True,True,True,False,False,False,False,No case marking,No morphological case-marking,No case affixes or adpositional clitics,Plural word,No case,--,Five or more,Sex-based,Semantic,Absent,Adjective-Noun,Demonstrative-Noun,Numeral-Noun,Genitive-Noun,Noun-Relative clause,SVO,SV,VO
Wichita,wic,"['WALS-174', 'WALS-200', 'WALS-100']",wich1260,Caddoan,,Caddoan,North America,none,no concord,no concord,True,False,False,False,False,False,False,True,False,False,False,False,False,False,True,False,False,False,False,False,False,No case marking,Exclusively borderline case-marking,Case suffixes,No plural,Monoexponential case,--,None,No gender,No gender,--,Noun-Adjective,Demonstrative-Noun,Numeral-Noun,--,Noun-Relative clause,No dominant order,No dominant order,OV
Lepcha,lep,"['WALS-174', 'WALS-200', 'Hasp-100']",lepc1244,Lepcha,Tibeto-Burman,Sino-Tibetan,Eurasia,none,no concord,no concord,True,False,False,False,False,False,False,True,False,False,False,False,False,False,True,False,False,False,False,False,False,No syncretism,2 cases,No case affixes or adpositional clitics,Plural word,--,"All nouns, always obligatory",None,No gender,No gender,--,Noun-Adjective,Demonstrative-Noun,Noun-Numeral,Genitive-Noun,--,SOV,SV,OV
Nahuatl (Tetelcingo),nht,"['WALS-174', 'WALS-200']",tete1251,Aztecan,,Uto-Aztecan,North America,indeterminate-minimal-clf,indeterminate,concord,True,False,True,False,False,False,False,True,False,False,False,False,False,True,True,False,False,False,False,False,False,No case marking,No morphological case-marking,No case affixes or adpositional clitics,Plural suffix,--,--,None,No gender,No gender,Absent,Noun-Adjective,Demonstrative-Noun,Numeral-Noun,Noun-Genitive,Noun-Relative clause,SVO,No dominant order,VO
Wambaya,wam,"['WALS-174', 'WALS-200']",guda1242,Wambayan,,Mirndi,Australia,uniform,uniform,concord,True,True,True,True,False,False,False,True,True,True,True,False,False,False,True,True,True,True,False,False,False,Core cases only,8-9 cases,Case suffixes,--,--,"All nouns, always optional",Four,Sex-based,Semantic,--,--,Demonstrative-Noun,--,--,--,No dominant order,No dominant order,VO
Malagasy,mal,"['WALS-174', 'WALS-200', 'WALS-100']",plat1254,Barito,,Austronesian,Africa,indeterminate-minimal,indeterminate,concord,True,False,True,False,False,False,False,True,False,False,False,False,False,False,True,False,False,False,False,False,False,No case marking,No morphological case-marking,Prepositional clitics,No plural,Monoexponential case,--,None,No gender,No gender,Absent,Noun-Adjective,Demonstrative before and after Noun,Noun-Numeral,Noun-Genitive,Noun-Relative clause,VOS,VS,VO
Fur,fur,"['WALS-174', 'WALS-200']",furr1244,Fur,,Fur,Africa,indeterminate-1ft,indeterminate,concord,True,False,True,False,False,False,False,True,False,False,False,False,False,False,True,False,True,False,False,False,False,No case marking,4 cases,Case suffixes,Mixed morphological plural,--,--,--,--,--,Absent,Noun-Adjective,Demonstrative-Noun,Noun-Numeral,Genitive-Noun,Noun-Relative clause,SOV,SV,OV
Epena Pedee,epe,"['WALS-174', 'WALS-200']",epen1239,Choco,,Choco,South America,none,no concord,no concord,True,False,False,False,False,False,False,True,False,False,False,False,False,False,True,False,False,False,False,False,False,No syncretism,10 or more cases,Postpositional clitics,Plural clitic,Monoexponential case,"Only human nouns, obligatory",None,No gender,No gender,Absent,Noun-Adjective,Demonstrative-Noun,Noun-Numeral,Genitive-Noun,Internally headed,SOV,SV,OV
Comanche,cmn,"['WALS-174', 'WALS-200']",coma1245,Numic,,Uto-Aztecan,North America,mixed-subsective,mixed,concord,True,False,True,True,False,False,False,True,False,False,True,False,False,False,True,False,True,True,False,False,False,Core and non-core,3 cases,Case suffixes,Plural suffix,--,"Only human nouns, obligatory",None,No gender,No gender,--,Adjective-Noun,Demonstrative-Noun,Numeral-Noun,Genitive-Noun,Noun-Relative clause,SOV,SV,OV
Hixkaryana,hix,"['WALS-174', 'WALS-200', 'WALS-100']",hixk1239,Cariban,,Cariban,South America,none,no concord,no concord,True,False,False,False,False,False,False,True,False,False,False,False,False,False,True,False,False,False,False,False,False,No case marking,No morphological case-marking,No case affixes or adpositional clitics,Plural word,No case,"Only human nouns, optional",Two,Non-sex-based,Semantic,Absent,Noun-Adjective,--,Numeral-Noun,Genitive-Noun,Noun-Relative clause,OVS,VS,OV
Maybrat,may,"['WALS-174', 'WALS-200', 'WALS-100', 'Hasp-100']",maib1239,North-Central Bird's Head,,West Papuan,Papunesia,indeterminate-1ft,indeterminate,concord,True,True,False,False,False,False,False,True,False,False,False,False,False,False,True,True,False,False,False,False,False,No case marking,2 cases,Case prefixes,No plural,No case,No nominal plural,Two,Sex-based,Semantic,Optional,Noun-Adjective,Noun-Demonstrative,Noun-Numeral,No dominant order,Noun-Relative clause,SVO,SV,VO
Oneida,ond,"['WALS-174', 'WALS-200', 'WALS-100']",onei1249,Northern Iroquoian,,Iroquoian,North America,none,no concord,no concord,True,False,False,False,False,False,False,True,False,False,False,False,False,False,True,False,False,False,False,False,False,--,No morphological case-marking,Case suffixes,Mixed morphological plural,No case,--,Three,Sex-based,Semantic,--,--,Demonstrative-Noun,--,No dominant order,Internally headed,No dominant order,VS,VO
Ainu,ain,"['WALS-174', 'WALS-200', 'Hasp-100']",ainu1240,Ainu,,Ainu,Eurasia,none,no concord,no concord,True,False,False,False,False,False,False,True,False,False,False,False,False,False,True,False,False,False,False,False,False,No case marking,Exclusively borderline case-marking,No case affixes or adpositional clitics,Plural suffix,--,"All nouns, always optional",None,No gender,No gender,Optional,Adjective-Noun,Demonstrative-Noun,Numeral-Noun,Genitive-Noun,Relative clause-Noun,SOV,SV,OV
Irish,iri,"['WALS-174', 'WALS-200']",iris1253,Celtic,,Indo-European,Eurasia,indeterminate-1cat,indeterminate,concord,True,False,False,False,False,False,False,True,False,False,False,False,False,False,True,True,True,True,False,False,False,Core and non-core,2 cases,Mixed morphological case,Mixed morphological plural,--,"All nouns, always obligatory",--,--,--,--,Noun-Adjective,Noun-Demonstrative,Numeral-Noun,Noun-Genitive,Noun-Relative clause,VSO,VS,VO
Russian,rus,"['WALS-174', 'WALS-200', 'WALS-100']",russ1263,Slavic,,Indo-European,Eurasia,uniform,uniform,concord,True,True,True,True,False,False,False,True,True,True,True,False,False,False,True,True,True,True,False,False,False,Core and non-core,6-7 cases,Case suffixes,Plural suffix,Case + number,"All nouns, always obligatory",Three,Sex-based,Semantic and formal,Absent,Adjective-Noun,Demonstrative-Noun,Numeral-Noun,Noun-Genitive,Noun-Relative clause,SVO,SV,VO
Mandarin,mnd,"['WALS-174', 'WALS-200', 'WALS-100']",mand1415,Chinese,,Sino-Tibetan,Eurasia,none,no concord,no concord,True,False,False,False,False,False,False,True,False,False,False,False,False,False,True,False,False,False,False,False,False,No case marking,No morphological case-marking,No case affixes or adpositional clitics,Plural suffix,Monoexponential case,"Only human nouns, optional",None,No gender,No gender,Obligatory,Adjective-Noun,Demonstrative-Noun,Numeral-Noun,Genitive-Noun,Relative clause-Noun,SVO,SV,VO
Khoekhoe,kho,"['WALS-174', 'WALS-200', 'WALS-100']",nama1264,Khoe-Kwadi,,Khoe-Kwadi,Africa,indeterminate-1cat-Donly,indeterminate,concord,True,False,False,False,False,False,False,True,False,False,False,False,False,False,True,False,False,False,False,False,False,No case marking,2 cases,No case affixes or adpositional clitics,Plural suffix,Monoexponential case,--,Three,Sex-based,Semantic and formal,Absent,Adjective-Noun,Demonstrative-Noun,Numeral-Noun,Genitive-Noun,Relative clause-Noun,SOV,SV,OV
Evenki,eve,"['WALS-174', 'WALS-200', 'Hasp-100']",even1259,Tungusic,,Altaic,Eurasia,mixed-subsective-demnodef,mixed,concord,True,False,True,True,False,False,False,True,False,False,True,False,False,False,True,False,True,True,True,False,False,No syncretism,10 or more cases,Case suffixes,Plural suffix,Case + referentiality,"All nouns, always obligatory",None,No gender,No gender,Absent,Adjective-Noun,Demonstrative-Noun,Numeral-Noun,Genitive-Noun,Relative clause-Noun,SOV,SV,OV
Coos (Hanis),coo,"['WALS-174', 'WALS-200']",coos1249,Coosan,,Oregon Coast,North America,indeterminate-minimal,indeterminate,concord,True,False,False,False,False,False,False,True,False,False,False,False,False,False,True,False,True,False,False,False,False,No case marking,8-9 cases,Postpositional clitics,Mixed morphological plural,--,"Only human nouns, obligatory",None,No gender,No gender,Absent,Adjective-Noun,Demonstrative-Noun,Numeral-Noun,No dominant order,Noun-Relative clause,No dominant order,VS,No dominant order
Yukaghir (Kolyma),yko,"['WALS-174', 'WALS-200', 'Hasp-100']",sout2750,Yukaghir,,Yukaghir,Eurasia,none,no concord,no concord,True,False,False,False,False,False,False,True,False,False,False,False,False,False,False,False,False,False,False,False,False,Core cases only,8-9 cases,Case suffixes,Plural suffix,--,--,None,No gender,No gender,Absent,Adjective-Noun,Demonstrative-Noun,Numeral-Noun,Genitive-Noun,Relative clause-Noun,SOV,SV,OV
Barasano,brs,"['WALS-174', 'WALS-200', 'WALS-100']",bara1380,Tucanoan,,Tucanoan,South America,mixed-subsective,mixed,concord,True,True,True,True,False,False,False,True,True,False,True,False,False,False,True,True,False,False,False,False,False,No case marking,2 cases,Case suffixes,Plural suffix,Monoexponential case,"All nouns, always obligatory",Three,Sex-based,Semantic,--,No dominant order,Demonstrative-Noun,Numeral-Noun,Genitive-Noun,Noun-Relative clause,No dominant order,No dominant order,OV
Abkhaz,abk,"['WALS-174', 'WALS-200', 'WALS-100', 'Hasp-100']",abkh1244,Northwest Caucasian,,Northwest Caucasian,Eurasia,mixed-subsective-crossed,mixed,concord,True,False,True,False,False,False,False,True,True,False,False,False,False,False,True,True,True,False,False,False,False,No case marking,2 cases,No case affixes or adpositional clitics,Plural suffix,No case,"All nouns, always obligatory",Three,Sex-based,Semantic,Absent,Noun-Adjective,Demonstrative-Noun,No dominant order,Genitive-Noun,Relative clause-Noun,SOV,SV,OV
Garo,gar,"['WALS-174', 'WALS-200']",garo1247,Bodo-Garo,Tibeto-Burman,Sino-Tibetan,Eurasia,none-clf,no concord,no concord,True,False,False,False,False,False,False,True,False,False,False,False,False,True,True,False,False,False,False,False,False,No syncretism,8-9 cases,Postpositional clitics,Plural clitic,Monoexponential case,"All nouns, always optional",--,--,--,Obligatory,Noun-Adjective,Demonstrative-Noun,Noun-Numeral,Genitive-Noun,Relative clause-Noun,SOV,SV,OV
Thai,tha,"['WALS-174', 'WALS-200', 'WALS-100']",thai1261,Kam-Tai,,Tai-Kadai,Eurasia,none,no concord,no concord,True,False,False,False,False,False,False,True,False,False,False,False,False,False,True,False,False,False,False,False,False,No case marking,No morphological case-marking,No case affixes or adpositional clitics,--,No case,--,None,No gender,No gender,Obligatory,Noun-Adjective,Noun-Demonstrative,Noun-Numeral,Noun-Genitive,Noun-Relative clause,SVO,SV,VO
Iraqw,irq,"['WALS-174', 'WALS-200']",iraq1241,Southern Cushitic,Cushitic,Afro-Asiatic,Africa,mixed-subsective,mixed,concord,True,True,False,False,False,False,False,True,False,False,False,False,False,False,True,True,True,False,False,False,False,No case marking,Exclusively borderline case-marking,No case affixes or adpositional clitics,Plural suffix,--,"All nouns, always obligatory",Two,Sex-based,Semantic and formal,Absent,Noun-Adjective,Noun-Demonstrative,Noun-Numeral,Noun-Genitive,Noun-Relative clause,SOV,SV,OV
Chinantec (Lealao),cle,"['WALS-174', 'WALS-200']",leal1235,Chinantecan,,Oto-Manguean,North America,indeterminate-1ft,indeterminate,concord,True,True,False,False,False,False,False,True,True,False,False,False,False,False,True,True,False,False,False,False,False,No case marking,No morphological case-marking,No case affixes or adpositional clitics,Plural word,--,--,Two,Non-sex-based,Semantic,--,Noun-Adjective,Noun-Demonstrative,Numeral-Noun,Noun-Genitive,Noun-Relative clause,VOS,VS,VO
Hunzib,hzb,"['WALS-174', 'WALS-200']",hunz1247,Avar-Andic-Tsezic,Daghestanian,Nakh-Daghestanian,Eurasia,mixed-subsective,mixed,concord,True,True,True,True,False,False,False,True,False,False,True,False,False,False,True,True,True,True,False,False,False,No syncretism,10 or more cases,Case suffixes,Plural suffix,Monoexponential case,"All nouns, always obligatory",Five or more,Sex-based,Semantic,Absent,Adjective-Noun,Demonstrative-Noun,Numeral-Noun,Genitive-Noun,Relative clause-Noun,SOV,SV,OV
Bagirmi,bag,"['WALS-174', 'WALS-200', 'WALS-100']",bagi1246,Bongo-Bagirmi,,Central Sudanic,Africa,none,no concord,no concord,True,False,False,False,False,False,False,True,False,False,False,False,False,False,True,False,False,False,False,False,False,No case marking,No morphological case-marking,No case affixes or adpositional clitics,Plural clitic,No case,"All nouns, always obligatory",None,No gender,No gender,--,Noun-Adjective,Noun-Demonstrative,Noun-Numeral,Noun-Genitive,Noun-Relative clause,SVO,SV,VO
Japanese,jpn,"['WALS-174', 'WALS-200', 'WALS-100', 'Hasp-100']",nucl1643,Japanese,,Japanese,Eurasia,none,no concord,no concord,True,False,False,False,False,False,False,True,False,False,False,False,False,False,True,False,False,False,False,False,False,No case marking,8-9 cases,Postpositional clitics,Plural suffix,Monoexponential case,"Only human nouns, optional",--,--,--,Obligatory,Adjective-Noun,Demonstrative-Noun,Numeral-Noun,Genitive-Noun,Relative clause-Noun,SOV,SV,OV
Vietnamese,vie,"['WALS-174', 'WALS-200', 'WALS-100']",viet1252,Viet-Muong,Mon-Khmer,Austro-Asiatic,Eurasia,none,no concord,no concord,True,False,False,False,False,False,False,True,False,False,False,False,False,False,True,False,False,False,False,False,False,No case marking,No morphological case-marking,No case affixes or adpositional clitics,Plural word,No case,"All nouns, always optional",None,No gender,No gender,Obligatory,Noun-Adjective,Noun-Demonstrative,Numeral-Noun,Noun-Genitive,Noun-Relative clause,SVO,SV,VO
Warao,wra,"['WALS-174', 'WALS-200', 'WALS-100', 'Hasp-100']",wara1303,Warao,,Warao,South America,indeterminate-1ft,indeterminate,concord,True,False,True,False,False,False,False,True,False,False,False,False,False,False,True,False,True,False,False,False,False,Core cases only,5 cases,--,Plural suffix,Monoexponential case,--,None,No gender,No gender,--,Noun-Adjective,Demonstrative-Noun,Noun-Numeral,Genitive-Noun,--,--,SV,OV
Swahili,swa,"['WALS-174', 'WALS-200', 'WALS-100']",swah1253,Bantoid,Benue-Congo,Niger-Congo,Africa,uniform,uniform,concord,True,True,True,False,False,False,False,True,True,True,False,False,False,False,True,True,True,False,False,False,False,No case marking,No morphological case-marking,Mixed morphological case,Plural prefix,No case,"All nouns, always obligatory",Five or more,Non-sex-based,Semantic and formal,Absent,Noun-Adjective,Noun-Demonstrative,Noun-Numeral,Noun-Genitive,Noun-Relative clause,SVO,SV,VO
Kunama,knm,"['WALS-174', 'WALS-200']",kuna1268,Kunama,,Kunama,Africa,indeterminate-1ft,indeterminate,concord,True,False,True,False,False,False,False,True,False,True,False,False,False,False,True,False,True,False,False,False,False,No case marking,6-7 cases,Postpositional clitics,Plural clitic,Monoexponential case,--,--,--,--,--,Noun-Adjective,Noun-Demonstrative,Noun-Numeral,Genitive-Noun,Noun-Relative clause,SOV,SV,OV
Slave,sla,"['WALS-174', 'WALS-200', 'WALS-100', 'Hasp-100']",sout2959,Athapaskan,,Na-Dene,North America,indeterminate-minimal-clf,indeterminate,concord,True,False,False,False,False,False,False,True,False,False,False,False,False,True,True,True,False,False,False,False,False,No case marking,No morphological case-marking,No case affixes or adpositional clitics,Plural suffix,No case,--,--,--,--,--,Noun-Adjective,Demonstrative-Noun,Noun-Numeral,Genitive-Noun,Mixed,SOV,SV,OV
Miwok (Southern Sierra),mss,"['WALS-174', 'WALS-200']",sout2985,Miwok,Utian,Penutian,North America,uniform,uniform,concord,True,False,True,True,False,False,False,True,False,False,False,False,False,False,True,False,True,True,False,False,False,No syncretism,6-7 cases,--,Plural suffix,Monoexponential case,--,None,No gender,No gender,Absent,No dominant order,Demonstrative-Noun,Numeral-Noun,No dominant order,--,No dominant order,SV,No dominant order
Maba,mab,"['WALS-174', 'WALS-200']",maba1277,Maban,,Maban,Africa,indeterminate-1ft-clf,indeterminate,concord,True,False,True,False,False,False,False,True,False,False,False,False,False,True,True,False,True,False,False,False,False,No case marking,3 cases,Case tone,Plural suffix,--,--,--,--,--,--,Noun-Adjective,Noun-Demonstrative,Noun-Numeral,No dominant order,Noun-Relative clause,SOV,SV,OV
Sanuma,snm,"['WALS-174', 'WALS-200', 'WALS-100', 'Hasp-100']",sanu1240,Yanomam,,Yanomam,South America,none,no concord,no concord,True,False,False,False,False,False,False,True,False,False,False,False,False,False,True,False,False,False,False,False,False,No case marking,2 cases,Postpositional clitics,Plural word,Monoexponential case,--,--,--,--,Optional,Noun-Adjective,Demonstrative-Noun,--,Genitive-Noun,Mixed,SOV,SV,OV
Ungarinjin,ung,"['WALS-174', 'WALS-200']",ngar1284,Worrorran,,Worrorran,Australia,uniform,uniform,concord,True,True,True,False,False,False,False,True,False,False,False,False,False,False,True,True,True,False,False,False,False,No case marking,8-9 cases,Postpositional clitics,Plural complete reduplication,--,--,--,--,--,Absent,Noun-Adjective,Noun-Demonstrative,Noun-Numeral,No dominant order,Noun-Relative clause,OVS,SV,OV
Squamish,squ,"['WALS-174', 'WALS-200']",squa1248,Central Salish,,Salishan,North America,indeterminate-1cat-clf,indeterminate,concord,True,True,True,False,False,False,False,True,False,False,False,False,False,True,True,False,False,False,False,False,False,No case marking,2 cases,Prepositional clitics,--,Monoexponential case,--,--,--,--,--,Adjective-Noun,Demonstrative-Noun,Numeral-Noun,Noun-Genitive,Mixed,VSO,VS,VO
Murle,mrl,"['WALS-174', 'WALS-200']",murl1244,Surmic,,Eastern Sudanic,Africa,indeterminate-1ft,indeterminate,concord,True,False,True,False,False,False,False,True,False,False,False,False,False,False,True,False,True,False,False,False,False,Core cases only,4 cases,Case suffixes,Plural suffix,--,--,None,No gender,No gender,--,Noun-Adjective,Noun-Demonstrative,Noun-Numeral,Noun-Genitive,Noun-Relative clause,VSO,VS,VO
Maranungku,mku,"['WALS-174', 'WALS-200']",mara1386,Wagaydy,,Western Daly,Australia,indeterminate-minimal,indeterminate,concord,True,False,False,False,False,False,False,True,False,False,False,False,False,False,True,False,True,False,False,False,False,No case marking,Exclusively borderline case-marking,No case affixes or adpositional clitics,No plural,--,No nominal plural,--,--,--,--,Noun-Adjective,Noun-Demonstrative,Noun-Numeral,Genitive-Noun,--,SOV,SV,OV
Guaran’,gua,"['WALS-174', 'WALS-200', 'WALS-100']",para1311,Tupi-Guaran’,,Tupian,South America,indeterminate-minimal,indeterminate,concord,True,False,True,False,False,False,False,True,False,False,False,False,False,False,False,False,False,False,False,False,False,No case marking,No morphological case-marking,No case affixes or adpositional clitics,Plural word,No case,"Only human nouns, optional",None,No gender,No gender,Absent,Noun-Adjective,Demonstrative-Noun,Numeral-Noun,Genitive-Noun,--,SVO,SV,VO
Diola-Fogny,dio,"['WALS-174', 'WALS-200']",jola1263,Northern Atlantic,Atlantic,Niger-Congo,Africa,uniform-demnodef,uniform,concord,True,True,True,False,False,False,False,True,True,True,False,True,False,False,True,True,True,False,True,False,False,No case marking,No morphological case-marking,No case affixes or adpositional clitics,Plural prefix,--,--,Five or more,Non-sex-based,Semantic and formal,--,Noun-Adjective,Noun-Demonstrative,Noun-Numeral,Noun-Genitive,Noun-Relative clause,SVO,SV,VO
Beja,bej,"['WALS-174', 'WALS-200']",beja1238,Beja,Cushitic,Afro-Asiatic,Africa,mixed-nonsubsective,mixed,concord,True,True,True,True,False,False,False,True,True,False,False,False,False,False,True,True,True,False,True,False,False,No case marking,2 cases,Case suffixes,Plural suffix,Monoexponential case,--,Two,Sex-based,Semantic and formal,--,No dominant order,Demonstrative before and after Noun,--,Genitive-Noun,Noun-Relative clause,SOV,SV,OV
Sentani,snt,"['WALS-174', 'WALS-200']",nucl1632,Sentani,,Sentani,Papunesia,none,no concord,no concord,True,False,False,False,False,False,False,True,False,False,False,False,False,False,True,False,False,False,False,False,False,No case marking,No morphological case-marking,No case affixes or adpositional clitics,No plural,--,--,None,No gender,No gender,Absent,Noun-Adjective,Demonstrative-Noun,Noun-Numeral,Genitive-Noun,--,SOV,SV,OV
Apurinã,apu,"['WALS-174', 'WALS-200', 'WALS-100', 'Hasp-100']",apur1254,Purus,,Arawakan,South America,indeterminate-minimal,indeterminate,concord,True,True,False,False,False,False,False,True,False,False,False,False,False,False,False,False,False,False,False,False,False,No case marking,Exclusively borderline case-marking,Postpositional clitics,Plural suffix,No case,"All nouns, always obligatory",Two,Sex-based,Semantic and formal,Absent,Noun-Adjective,Demonstrative-Noun,Numeral-Noun,Genitive-Noun,Noun-Relative clause,SVO,SV,No dominant order
Kutenai,kut,"['WALS-174', 'WALS-200', 'WALS-100']",kute1249,Kutenai,,Kutenai,North America,indeterminate-minimal,indeterminate,concord,True,False,False,True,False,False,False,True,False,False,False,False,False,False,False,False,False,False,False,False,False,No case marking,No morphological case-marking,No case affixes or adpositional clitics,Plural prefix,Case + referentiality,"Only human nouns, obligatory",None,No gender,No gender,Absent,Only internally-headed relative clauses,Demonstrative-Noun,Numeral-Noun,Noun-Genitive,Internally headed,No dominant order,VS,VO
Yurok,yur,"['WALS-174', 'WALS-200']",yuro1248,Yurok,,Algic,North America,indeterminate-1ft,indeterminate,concord,True,False,False,False,False,False,False,True,False,False,False,False,False,True,True,False,False,False,False,False,True,Core cases only,Exclusively borderline case-marking,Case suffixes,Mixed morphological plural,No case,--,None,No gender,No gender,--,Adjective-Noun,Demonstrative-Noun,Numeral-Noun,Genitive-Noun,Mixed,No dominant order,SV,No dominant order
Ndyuka,ndy,"['WALS-174', 'WALS-200']",ndyu1242,Creoles and Pidgins,,other,South America,indeterminate-minimal-Donly,indeterminate,concord,False,False,False,False,False,False,False,True,False,False,False,False,False,False,True,False,False,False,False,False,False,No case marking,No morphological case-marking,No case affixes or adpositional clitics,Plural word,--,--,None,No gender,No gender,Absent,Adjective-Noun,Noun-Demonstrative,Numeral-Noun,No dominant order,Noun-Relative clause,SVO,SV,VO
Bribri,bri,"['WALS-174', 'WALS-200']",brib1243,Talamanca,,Chibchan,North America,indeterminate-minimal-clf,indeterminate,concord,True,False,False,False,False,False,False,True,False,False,False,False,False,True,True,False,True,False,False,False,False,No case marking,Exclusively borderline case-marking,No case affixes or adpositional clitics,Plural suffix,--,--,--,--,--,--,Noun-Adjective,Noun-Demonstrative,Noun-Numeral,Genitive-Noun,--,SOV,SV,OV
Chukchi,chk,"['WALS-174', 'WALS-200', 'WALS-100', 'Hasp-100']",chuk1273,Northern Chukotko-Kamchatkan,,Chukotko-Kamchatkan,Eurasia,mixed-nonsubsective,mixed,concord,True,True,True,True,False,False,False,True,False,False,False,False,False,False,True,False,True,False,False,True,False,Core and non-core,10 or more cases,Case suffixes,Plural suffix,Case + number,"All nouns, always obligatory",None,No gender,No gender,Absent,Adjective-Noun,Demonstrative-Noun,Numeral-Noun,Genitive-Noun,Mixed,No dominant order,SV,OV
Finnish,fin,"['WALS-174', 'WALS-200', 'WALS-100', 'Hasp-100']",finn1318,Finnic,Finno-Ugric,Uralic,Eurasia,uniform,uniform,concord,True,False,True,True,False,False,False,True,False,True,True,False,False,False,True,False,True,True,False,False,False,Core and non-core,10 or more cases,Case suffixes,Plural suffix,Case + number,"All nouns, always obligatory",None,No gender,No gender,Absent,Adjective-Noun,Demonstrative-Noun,Numeral-Noun,Genitive-Noun,Noun-Relative clause,SVO,SV,VO
Hamtai,ham,"['WALS-174', 'WALS-200']",hamt1247,Angan,,Trans-New Guinea,Papunesia,indeterminate-minimal,indeterminate,concord,True,False,False,False,False,False,False,True,False,False,False,False,False,False,True,False,True,False,False,False,False,No case marking,10 or more cases,--,--,--,--,--,--,--,--,Noun-Adjective,Noun-Demonstrative,Noun-Numeral,--,--,SOV,SV,OV
Zoque (Copainal‡),zqc,"['WALS-174', 'WALS-200', 'WALS-100']",copa1236,Mixe-Zoque,,Mixe-Zoque,North America,none,no concord,no concord,True,False,False,False,False,False,False,True,False,False,False,False,False,False,True,False,False,False,False,False,False,No syncretism,2 cases,Case suffixes,Plural suffix,Monoexponential case,--,None,No gender,No gender,--,Adjective-Noun,Demonstrative-Noun,--,Genitive-Noun,--,VOS,VS,VO
Korean,kor,"['WALS-174', 'WALS-200', 'WALS-100', 'Hasp-100']",kore1280,Korean,,Korean,Eurasia,none,no concord,no concord,True,False,False,False,False,False,False,True,False,False,False,False,False,False,True,False,False,False,False,False,False,No case marking,6-7 cases,Case suffixes,Plural suffix,Monoexponential case,--,--,--,--,Obligatory,Adjective-Noun,Demonstrative-Noun,Numeral-Noun,Genitive-Noun,Relative clause-Noun,SOV,SV,OV
Khmer,khm,"['WALS-174', 'WALS-200']",cent1989,Khmer,Mon-Khmer,Austro-Asiatic,Eurasia,none-clf,no concord,no concord,True,False,False,False,False,False,False,True,False,False,False,False,False,True,True,False,False,False,False,False,False,No case marking,No morphological case-marking,No case affixes or adpositional clitics,Plural word,--,"All nouns, always optional",None,No gender,No gender,Optional,Noun-Adjective,Noun-Demonstrative,Noun-Numeral,Noun-Genitive,Noun-Relative clause,SVO,SV,VO
Lak,lak,"['WALS-174', 'WALS-200']",lakk1252,Lak-Dargwa,Daghestanian,Nakh-Daghestanian,Eurasia,mixed-subsective,mixed,concord,True,False,True,False,False,False,False,True,True,False,False,False,False,False,True,True,True,False,False,False,False,Core cases only,10 or more cases,Case suffixes,--,--,"All nouns, always obligatory",Four,Sex-based,Semantic,--,Adjective-Noun,--,--,--,--,--,SV,OV
Greek (Modern),grk,"['WALS-174', 'WALS-200', 'WALS-100']",mode1248,Hellenic,,Indo-European,Eurasia,uniform,uniform,concord,True,True,True,True,False,False,False,True,True,True,True,False,False,False,True,True,True,True,False,False,False,Core and non-core,3 cases,Case suffixes,Plural suffix,Case + number,"All nouns, always obligatory",Three,Sex-based,Semantic and formal,--,Adjective-Noun,Demonstrative-Noun,Numeral-Noun,Noun-Genitive,Noun-Relative clause,No dominant order,No dominant order,VO
Karuk,krk,"['WALS-174', 'WALS-200', 'WALS-100']",karo1304,Karuk,,Karuk,North America,none-clf,no concord,no concord,True,False,False,False,False,False,False,True,False,False,False,False,False,True,True,False,False,False,False,False,False,No case marking,3 cases,Postpositional clitics,Plural suffix,No case,--,None,No gender,No gender,Absent,Noun-Adjective,Demonstrative-Noun,Numeral-Noun,Genitive-Noun,--,No dominant order,SV,No dominant order
Brahui,brh,"['WALS-174', 'WALS-200']",brah1256,Northern Dravidian,,Dravidian,Eurasia,indeterminate-minimal,no concord,no concord,True,False,False,False,False,False,False,True,False,False,False,False,False,False,True,False,False,False,True,False,False,No syncretism,10 or more cases,Case suffixes,Plural suffix,Monoexponential case,"All nouns, always obligatory",None,No gender,No gender,Absent,Adjective-Noun,Demonstrative-Noun,--,--,Noun-Relative clause,--,--,--
Yimas,yim,"['WALS-174', 'WALS-200', 'Hasp-100']",yima1243,Lower Sepik,,Lower Sepik-Ramu,Papunesia,mixed-subsective,mixed,concord,True,True,True,False,False,False,False,True,True,False,False,False,False,False,True,True,True,False,False,False,False,No case marking,Exclusively borderline case-marking,Case suffixes,Plural suffix,--,"All nouns, always obligatory",Five or more,Sex-based,Semantic and formal,Absent,No dominant order,Noun-Demonstrative,--,Genitive-Noun,--,--,SV,OV
Rama,ram,"['WALS-174', 'WALS-200', 'WALS-100']",rama1270,Rama,,Chibchan,North America,none,no concord,no concord,True,False,False,False,False,False,False,True,False,False,False,False,False,False,True,False,False,False,False,False,False,No case marking,8-9 cases,No case affixes or adpositional clitics,Plural clitic,Monoexponential case,"Only human nouns, obligatory",None,No gender,No gender,--,Noun-Adjective,Demonstrative-Noun,Noun-Numeral,Genitive-Noun,--,SOV,SV,OV
Armenian (Eastern),arm,"['WALS-174', 'WALS-200']",nucl1235,Armenian,,Indo-European,Eurasia,none,no concord,no concord,True,False,False,False,False,False,False,True,False,False,False,False,False,False,True,False,False,False,False,False,False,Core and non-core,5 cases,Case suffixes,Plural suffix,--,"All nouns, always obligatory",None,No gender,No gender,Absent,Adjective-Noun,Demonstrative-Noun,Numeral-Noun,Genitive-Noun,Mixed,No dominant order,SV,No dominant order
Mixtec (Chalcatongo),mxc,"['WALS-174', 'WALS-200', 'WALS-100', 'Hasp-100']",sanm1295,Mixtecan,,Oto-Manguean,North America,indeterminate-minimal,indeterminate,concord,True,False,False,False,False,False,False,True,False,False,False,False,False,False,True,False,True,False,False,False,False,No case marking,No morphological case-marking,No case affixes or adpositional clitics,Plural word,No case,"All nouns, always optional",Five or more,Sex-based,Semantic,Absent,Noun-Adjective,Noun-Demonstrative,Numeral-Noun,Noun-Genitive,Noun-Relative clause,VSO,VS,VO
Hindi,hin,"['WALS-174', 'WALS-200', 'WALS-100']",hind1269,Indic,,Indo-European,Eurasia,mixed-subsective,mixed,concord,True,False,True,False,False,False,False,True,False,False,False,False,False,False,True,True,True,False,False,False,False,Core and non-core,--,Case suffixes,Plural suffix,Monoexponential case,"All nouns, always obligatory",Two,Sex-based,Semantic and formal,Absent,Adjective-Noun,Demonstrative-Noun,Numeral-Noun,Genitive-Noun,Correlative,SOV,SV,OV
Hmong Njua,hmo,"['WALS-174', 'WALS-200', 'WALS-100', 'Hasp-100']",hmon1264,Hmong-Mien,,Hmong-Mien,Eurasia,none,no concord,no concord,True,False,False,False,False,False,False,True,False,False,False,False,False,False,True,False,False,False,False,False,False,No case marking,No morphological case-marking,No case affixes or adpositional clitics,--,No case,No nominal plural,None,No gender,No gender,--,Noun-Adjective,Noun-Demonstrative,Numeral-Noun,Genitive-Noun,Noun-Relative clause,SVO,SV,VO
Khalkha,kha,"['WALS-174', 'WALS-200', 'WALS-100']",halh1238,Mongolic,,Altaic,Eurasia,none,no concord,no concord,True,False,False,False,False,False,False,True,False,False,False,False,False,False,True,False,False,False,False,False,False,No syncretism,8-9 cases,Case suffixes,Mixed morphological plural,Monoexponential case,"All nouns, always optional",None,No gender,No gender,Absent,Adjective-Noun,Demonstrative-Noun,Numeral-Noun,Genitive-Noun,Relative clause-Noun,SOV,SV,OV
Dani (Lower Grand Valley),dni,"['WALS-174', 'WALS-200', 'WALS-100']",lowe1415,Dani,,Trans-New Guinea,Papunesia,none,no concord,no concord,True,False,False,False,False,False,False,True,False,False,False,False,False,False,True,False,False,False,False,False,False,No case marking,6-7 cases,Case suffixes,--,No case,--,None,No gender,No gender,--,--,Noun-Demonstrative,--,Genitive-Noun,Noun-Relative clause,SOV,SV,OV
Martuthunira,mrt,"['WALS-174', 'WALS-200', 'WALS-100', 'Hasp-100']",mart1255,Western Pama-Nyungan,,Pama-Nyungan,Australia,mixed-subsective,mixed,concord,True,False,True,True,False,False,False,True,False,False,True,False,False,False,True,False,True,True,False,False,False,Core and non-core,10 or more cases,Case suffixes,Plural suffix,Monoexponential case,--,None,No gender,No gender,Absent,Noun-Adjective,Demonstrative-Noun,Numeral-Noun,No dominant order,Adjoined,SVO,SV,VO
Paumar’,pau,"['WALS-174', 'WALS-200']",paum1247,Arauan,,Arauan,South America,mixed-nonsubsective,mixed,concord,True,True,True,False,False,False,False,True,True,True,False,False,False,False,True,True,False,False,False,False,False,Core cases only,3 cases,Postpositional clitics,No plural,--,--,Four,Sex-based,Semantic,Absent,Noun-Adjective,Demonstrative-Noun,Noun-Numeral,Genitive-Noun,Noun-Relative clause,SVO,VS,No dominant order
Abip—n,abi,"['WALS-174', 'WALS-200']",abip1241,South Guaicuruan,,Guaicuruan,South America,uniform-clf,uniform,concord,True,True,True,False,False,False,False,True,False,False,False,False,False,True,True,True,True,False,False,False,False,No case marking,No morphological case-marking,No case affixes or adpositional clitics,Plural suffix,--,--,--,--,--,--,No dominant order,Demonstrative-Noun,--,No dominant order,Noun-Relative clause,SVO,SV,VO
Tunica,tun,"['WALS-174', 'WALS-200']",tuni1252,Tunica,,Tunica,North America,none,no concord,no concord,True,False,False,False,False,False,False,True,False,False,False,False,False,False,True,False,False,False,False,False,False,No case marking,Exclusively borderline case-marking,Case suffixes,Plural suffix,--,--,Two,Sex-based,Semantic,Absent,Noun-Adjective,--,--,Genitive-Noun,Noun-Relative clause,SOV,SV,OV
Ngiti,nti,"['WALS-174', 'WALS-200']",ngit1239,Lendu,,Central Sudanic,Africa,indeterminate-1ft,indeterminate,concord,True,False,True,False,False,False,False,True,False,False,False,False,False,False,True,False,True,False,False,False,False,No case marking,No morphological case-marking,No case affixes or adpositional clitics,Plural tone,--,"Only human nouns, obligatory",--,--,--,--,Adjective-Noun,Demonstrative-Noun,Numeral-Noun,Genitive-Noun,--,No dominant order,SV,No dominant order
Tagalog,tag,"['WALS-174', 'WALS-200', 'WALS-100', 'Hasp-100']",taga1270,Greater Central Philippine,,Austronesian,Papunesia,mixed-nonsubsective,mixed,concord,True,False,False,True,False,False,False,True,False,False,False,False,False,False,True,False,True,False,False,False,False,No case marking,No morphological case-marking,--,Plural word,Case + referentiality,"All nouns, always optional",Two,Sex-based,Semantic,Absent,No dominant order,Mixed,Numeral-Noun,Noun-Genitive,Noun-Relative clause,VSO,VS,VO
Mangarrayi,myi,"['WALS-174', 'WALS-200', 'WALS-100', 'Hasp-100']",mang1381,Mangarrayi,,Mangarrayi-Maran,Australia,uniform,uniform,concord,True,True,True,True,False,False,False,True,False,False,False,False,False,False,True,True,True,True,False,False,False,Core cases only,8-9 cases,Mixed morphological case,Plural suffix,Monoexponential case,--,Three,Sex-based,Semantic,Absent,Noun-Adjective,Demonstrative-Noun,No dominant order,No dominant order,Noun-Relative clause,OVS,SV,OV
Ju|'hoan,juh,"['WALS-174', 'WALS-200', 'Hasp-100']",juho1239,Ju-Kung,,Kxa,Africa,mixed-subsective,mixed,concord,True,True,True,False,False,False,False,True,False,False,False,False,False,False,True,False,True,False,False,False,False,No case marking,No morphological case-marking,No case affixes or adpositional clitics,Plural clitic,--,"All nouns, always obligatory",Five or more,Non-sex-based,Semantic and formal,Absent,Noun-Adjective,Noun-Demonstrative,Noun-Numeral,Genitive-Noun,Noun-Relative clause,SVO,SV,VO
Hausa,hau,"['WALS-174', 'WALS-200', 'WALS-100', 'Hasp-100']",haus1257,West Chadic,Chadic,Afro-Asiatic,Africa,uniform,uniform,concord,True,True,True,False,False,False,False,True,False,False,False,False,False,False,True,True,True,False,False,False,False,No syncretism,No morphological case-marking,No case affixes or adpositional clitics,Plural suffix,No case,"All nouns, always obligatory",Two,Sex-based,Semantic and formal,Absent,Adjective-Noun,Mixed,Noun-Numeral,Noun-Genitive,Noun-Relative clause,SVO,SV,VO
Acoma,aco,"['WALS-174', 'WALS-200', 'WALS-100', 'Hasp-100']",west2632,Keresan,,Keresan,North America,none,no concord,no concord,True,False,False,False,False,False,False,True,False,False,False,False,False,False,False,False,False,False,False,False,False,No case marking,No morphological case-marking,--,Plural suffix,No case,"All nouns, always optional",None,No gender,No gender,Absent,No dominant order,Demonstrative-Noun,No dominant order,Genitive-Noun,--,No dominant order,SV,No dominant order
Otom’ (Mezquital),otm,"['WALS-174', 'WALS-200', 'WALS-100']",mezq1235,Otomian,,Oto-Manguean,North America,indeterminate-minimal,indeterminate,concord,True,False,True,False,False,False,False,True,False,False,False,False,False,False,True,False,False,False,False,False,False,No case marking,--,--,--,No case,--,None,No gender,No gender,--,Adjective-Noun,Demonstrative-Noun,Numeral-Noun,Noun-Genitive,Noun-Relative clause,VOS,VS,VO
Igbo,igb,"['WALS-174', 'WALS-200']",nucl1417,Igboid,Benue-Congo,Niger-Congo,Africa,none,no concord,no concord,True,False,False,False,False,False,False,True,False,False,False,False,False,False,True,False,False,False,False,False,False,No case marking,No morphological case-marking,--,Mixed morphological plural,--,--,None,No gender,No gender,Absent,Noun-Adjective,Noun-Demonstrative,Noun-Numeral,Noun-Genitive,Noun-Relative clause,SVO,SV,VO
Cayuvava,cyv,"['WALS-174', 'WALS-200']",cayu1262,Cayuvava,,Cayuvava,South America,none,no concord,no concord,True,False,False,False,False,False,False,True,False,False,False,False,False,False,True,False,False,False,False,False,False,No case marking,Exclusively borderline case-marking,Prepositional clitics,Plural clitic,No case,--,None,No gender,No gender,Absent,Adjective-Noun,Demonstrative-Noun,Numeral-Noun,Noun-Genitive,--,VOS,VS,VO
Koasati,koa,"['WALS-174', 'WALS-200', 'WALS-100', 'Hasp-100']",koas1236,Muskogean,,Muskogean,North America,none,no concord,no concord,True,False,False,False,False,False,False,True,False,False,False,False,False,False,False,False,False,False,False,False,False,No syncretism,6-7 cases,Postpositional clitics,Plural clitic,Monoexponential case,"Only human nouns, optional",None,No gender,No gender,--,Noun-Adjective,Demonstrative-Noun,Noun-Numeral,Genitive-Noun,Mixed,SOV,SV,OV
Una,una,"['WALS-174', 'WALS-200']",unaa1239,Mek,,Trans-New Guinea,Papunesia,none,no concord,no concord,True,False,False,False,False,False,False,True,False,False,False,False,False,False,True,False,False,False,False,False,False,No syncretism,No morphological case-marking,No case affixes or adpositional clitics,--,--,--,None,No gender,No gender,--,Noun-Adjective,Demonstrative-Noun,Noun-Numeral,Genitive-Noun,Relative clause-Noun,SOV,SV,OV
Bambara,bam,"['WALS-174', 'WALS-200']",bamb1269,Western Mande,,Mande,Africa,indeterminate-minimal-weak,indeterminate,concord,True,False,True,False,False,False,False,True,False,False,False,False,False,False,True,False,False,False,False,False,False,No case marking,No morphological case-marking,--,Plural suffix,--,--,--,--,--,--,Noun-Adjective,Mixed,Noun-Numeral,Genitive-Noun,Correlative,SOV,SV,OV
Georgian,geo,"['WALS-174', 'WALS-200', 'WALS-100']",nucl1302,Kartvelian,,Kartvelian,Eurasia,indeterminate-1ft,indeterminate,concord,True,False,False,True,False,False,False,True,False,False,True,False,False,False,True,False,False,True,False,False,False,Core and non-core,6-7 cases,Case suffixes,Plural suffix,Monoexponential case,"All nouns, always obligatory",None,No gender,No gender,Absent,Adjective-Noun,Demonstrative-Noun,Numeral-Noun,Genitive-Noun,Noun-Relative clause,SOV,SV,OV
Tlingit,tli,"['WALS-174', 'WALS-200']",tlin1245,Tlingit,,Na-Dene,North America,none-clf,no concord,no concord,True,False,False,False,False,False,False,True,False,False,False,False,False,True,True,False,False,False,False,False,False,No case marking,8-9 cases,Case suffixes,Plural suffix,Monoexponential case,--,--,--,--,Obligatory,No dominant order,Demonstrative-Noun,Numeral-Noun,Genitive-Noun,Relative clause-Noun,SOV,SV,OV
Ekari,eka,"['WALS-174', 'WALS-200']",ekar1243,Paniani Lakes,,Trans-New Guinea,Papunesia,indeterminate-1cat-clf,indeterminate,concord,True,True,True,False,False,False,False,True,False,False,False,False,False,True,True,False,False,False,False,False,False,No case marking,Exclusively borderline case-marking,--,--,No case,--,--,--,--,--,--,--,Noun-Numeral,--,--,SOV,SV,OV
Araona,ana,"['WALS-174', 'WALS-200']",arao1248,Tacanan,,Tacanan,South America,none,no concord,no concord,True,False,False,False,False,False,False,True,False,False,False,False,False,False,True,False,False,False,False,False,False,Core and non-core,5 cases,Case suffixes,Plural word,Monoexponential case,--,--,--,--,--,Noun-Adjective,Demonstrative-Noun,No dominant order,Genitive-Noun,Noun-Relative clause,--,SV,OV
Kanuri,knr,"['WALS-174', 'WALS-200']",cent2050,Western Saharan,Saharan,Saharan,Africa,indeterminate-1ft,indeterminate,concord,True,False,True,False,False,False,False,True,False,False,False,False,False,False,True,False,True,False,False,False,False,No case marking,6-7 cases,Postpositional clitics,Plural suffix,--,"All nouns, always obligatory",None,No gender,No gender,Absent,Noun-Adjective,Noun-Demonstrative,Noun-Numeral,Noun-Genitive,Noun-Relative clause,SOV,SV,OV
Sango,san,"['WALS-174', 'WALS-200', 'WALS-100']",sang1328,Ubangi,Adamawa-Ubangi,Niger-Congo,Africa,none,no concord,no concord,True,False,False,False,False,False,False,True,False,False,False,False,False,False,True,False,False,False,False,False,False,No case marking,No morphological case-marking,No case affixes or adpositional clitics,Plural prefix,No case,--,None,No gender,No gender,--,Adjective-Noun,Noun-Demonstrative,Noun-Numeral,Noun-Genitive,Noun-Relative clause,SVO,SV,VO
Pomo (Southeastern),pso,"['WALS-174', 'WALS-200']",sout2982,Pomoan,,Hokan,North America,none,no concord,no concord,True,False,False,False,False,False,False,True,False,False,False,False,False,False,True,False,False,False,False,False,False,No syncretism,6-7 cases,Case suffixes,Plural suffix,--,--,--,--,--,--,--,Demonstrative-Noun,Numeral-Noun,Genitive-Noun,--,SOV,SV,OV
Ika (Arhuaco),ika,"['WALS-174', 'WALS-200', 'Hasp-100']",arhu1242,Arhuacic,,Chibchan,South America,none,no concord,no concord,True,False,False,False,False,False,False,True,False,False,False,False,False,False,True,False,False,False,False,False,False,No syncretism,6-7 cases,Postpositional clitics,Plural word,--,--,None,No gender,No gender,Absent,Noun-Adjective,--,No dominant order,Genitive-Noun,Internally headed,SOV,SV,OV
Yoruba,yor,"['WALS-174', 'WALS-200', 'WALS-100']",yoru1245,Defoid,Benue-Congo,Niger-Congo,Africa,none,no concord,no concord,True,False,False,False,False,False,False,True,False,False,False,False,False,False,True,False,False,False,False,False,False,No syncretism,No morphological case-marking,No case affixes or adpositional clitics,Plural word,Monoexponential case,"All nouns, always optional",None,No gender,No gender,Absent,Noun-Adjective,Noun-Demonstrative,Noun-Numeral,Noun-Genitive,Noun-Relative clause,SVO,SV,VO
Quechua (Imbabura),qim,"['WALS-174', 'WALS-200', 'WALS-100']",imba1240,Quechuan,,Quechuan,South America,none,no concord,no concord,True,False,False,False,False,False,False,True,False,False,False,False,False,False,True,False,False,False,False,False,False,No syncretism,8-9 cases,Case suffixes,Plural suffix,Monoexponential case,"All nouns, always obligatory",None,No gender,No gender,Absent,Adjective-Noun,Demonstrative-Noun,Numeral-Noun,Genitive-Noun,Relative clause-Noun,SOV,SV,OV
Meithei,mei,"['WALS-174', 'WALS-200', 'WALS-100']",mani1292,Kuki-Chin,Tibeto-Burman,Sino-Tibetan,Eurasia,none,no concord,no concord,True,False,False,False,False,False,False,True,False,False,False,False,False,False,False,False,False,False,False,False,False,No syncretism,6-7 cases,Postpositional clitics,--,Monoexponential case,--,None,No gender,No gender,--,No dominant order,Noun-Demonstrative,Noun-Numeral,Genitive-Noun,Relative clause-Noun,--,SV,OV
Khasi,khs,"['WALS-174', 'WALS-200']",khas1269,Khasian,Mon-Khmer,Austro-Asiatic,Eurasia,indeterminate-1cat,indeterminate,concord,True,True,True,False,False,False,False,True,False,False,False,False,False,False,False,False,False,False,False,False,False,No case marking,No morphological case-marking,No case affixes or adpositional clitics,Plural word,Monoexponential case,--,Two,Sex-based,Semantic,--,Noun-Adjective,Demonstrative-Noun,Numeral-Noun,Noun-Genitive,Noun-Relative clause,SVO,SV,VO
Canela-Krahô,cnl,"['WALS-174', 'WALS-200']",cane1242,Ge-Kaingang,,Macro-Ge,South America,indeterminate-minimal,indeterminate,concord,True,False,True,False,False,False,False,True,False,False,False,False,False,False,True,False,False,False,False,False,False,No case marking,No morphological case-marking,No case affixes or adpositional clitics,No plural,No case,--,None,No gender,No gender,Absent,Noun-Adjective,Noun-Demonstrative,--,Genitive-Noun,Mixed,SOV,SV,OV
Nivkh,niv,"['WALS-174', 'WALS-200', 'Hasp-100']",gily1242,Nivkh,,Nivkh,Eurasia,none-clf,no concord,no concord,True,False,False,False,False,False,False,True,False,False,False,False,False,True,False,False,False,False,False,False,False,No syncretism,8-9 cases,Case suffixes,Plural suffix,No case,"All nouns, always optional",None,No gender,No gender,Obligatory,Adjective-Noun,Demonstrative-Noun,No dominant order,Genitive-Noun,Relative clause-Noun,SOV,SV,OV
Tiwi,tiw,"['WALS-174', 'WALS-200', 'WALS-100']",tiwi1244,Tiwian,,Tiwian,Australia,uniform,uniform,concord,True,True,True,False,False,False,False,True,True,True,False,False,False,False,True,True,True,False,False,False,False,No case marking,No morphological case-marking,No case affixes or adpositional clitics,Plural suffix,No case,"Only human nouns, obligatory",Two,Sex-based,Semantic,Absent,Adjective-Noun,Demonstrative-Noun,Numeral-Noun,Genitive-Noun,Noun-Relative clause,SVO,SV,VO
Alamblak,ala,"['WALS-174', 'WALS-200', 'WALS-100', 'Hasp-100']",alam1246,Sepik Hill,,Sepik,Papunesia,indeterminate-1cat-Donly,indeterminate,concord,True,False,False,False,False,False,False,True,False,False,False,False,False,False,True,False,False,False,False,False,False,No case marking,8-9 cases,Postpositional clitics,Plural clitic,No case,"All nouns, always obligatory",Two,Sex-based,Semantic,Absent,Adjective-Noun,Demonstrative-Noun,Numeral-Noun,Genitive-Noun,Relative clause-Noun,SOV,SV,OV
Hungarian,hun,"['WALS-174', 'WALS-200']",hung1274,Ugric,Finno-Ugric,Uralic,Eurasia,indeterminate-1cat,indeterminate,concord,True,False,True,True,False,False,False,True,False,False,False,False,False,False,True,False,False,False,False,False,False,No syncretism,10 or more cases,Case suffixes,Plural suffix,Monoexponential case,"All nouns, always obligatory",None,No gender,No gender,Optional,Adjective-Noun,Demonstrative-Noun,Numeral-Noun,Genitive-Noun,Mixed,No dominant order,SV,VO
Chamorro,cha,"['WALS-174', 'WALS-200', 'WALS-100']",cham1312,Chamorro,,Austronesian,Papunesia,none,no concord,no concord,True,False,False,False,False,False,False,True,False,False,False,False,False,False,True,False,False,False,False,False,False,No case marking,No morphological case-marking,--,Plural word,No case,"Only human nouns, optional",None,No gender,No gender,Absent,Adjective-Noun,Demonstrative-Noun,Numeral-Noun,Noun-Genitive,Noun-Relative clause,VSO,VS,VO
Daga,dag,"['WALS-174', 'WALS-200', 'WALS-100']",daga1275,Dagan,,Dagan,Papunesia,none,no concord,no concord,True,False,False,False,False,False,False,True,False,False,False,False,False,False,True,False,False,False,False,False,False,No case marking,Exclusively borderline case-marking,Case suffixes,--,No case,--,None,No gender,No gender,--,Noun-Adjective,Noun-Demonstrative,Noun-Numeral,Genitive-Noun,Noun-Relative clause,SOV,SV,OV
Yaqui,yaq,"['WALS-174', 'WALS-200', 'WALS-100']",yaqu1251,Cahita,,Uto-Aztecan,North America,uniform,uniform,concord,True,False,True,True,False,False,False,True,False,False,False,False,False,False,True,False,True,True,False,False,False,Core cases only,2 cases,Case suffixes,Plural suffix,Case + number,"All nouns, always obligatory",None,No gender,No gender,--,Adjective-Noun,Demonstrative-Noun,Numeral-Noun,Genitive-Noun,Noun-Relative clause,SOV,SV,OV
French,fre,"['WALS-174', 'WALS-200', 'WALS-100']",stan1290,Romance,,Indo-European,Eurasia,uniform,uniform,concord,True,True,True,False,False,False,False,True,False,False,False,False,False,False,True,True,True,False,False,False,False,Core and non-core,No morphological case-marking,Prepositional clitics,Plural suffix,No case,"All nouns, always obligatory",Two,Sex-based,Semantic and formal,Absent,Noun-Adjective,Demonstrative-Noun,Numeral-Noun,Noun-Genitive,Noun-Relative clause,SVO,SV,VO
Kewa,kew,"['WALS-174', 'WALS-200', 'WALS-100']",east2516,Engan,,Trans-New Guinea,Papunesia,none,no concord,no concord,True,False,False,False,False,False,False,True,False,False,False,False,False,False,True,False,False,False,False,False,False,No case marking,6-7 cases,Postpositional clitics,Plural suffix,Monoexponential case,--,None,No gender,No gender,Absent,Adjective-Noun,Demonstrative-Noun,Noun-Numeral,Genitive-Noun,Mixed,SOV,SV,OV
Qawasqar,qaw,"['WALS-174', 'WALS-200']",qawa1238,Alacalufan,,Alacalufan,South America,none,no concord,no concord,True,False,False,False,False,False,False,True,False,False,False,False,False,False,True,False,False,False,False,False,False,No case marking,2 cases,--,--,--,--,--,--,--,--,--,--,No dominant order,Genitive-Noun,--,--,SV,OV
Mapudungun,map,"['WALS-174', 'WALS-200', 'WALS-100', 'Hasp-100']",mapu1245,Araucanian,,Araucanian,South America,none,no concord,no concord,True,False,False,False,False,False,False,True,False,False,False,False,False,False,True,False,False,False,False,False,False,No case marking,2 cases,Case suffixes,Plural word,No case,No nominal plural,None,No gender,No gender,Absent,Adjective-Noun,Demonstrative-Noun,Numeral-Noun,Genitive-Noun,--,SVO,VS,VO
Latvian,lat,"['WALS-174', 'WALS-200']",latv1249,Baltic,,Indo-European,Eurasia,mixed-subsective,uniform,concord,True,True,True,True,False,False,False,True,True,True,True,False,False,False,True,True,True,True,True,False,False,Core and non-core,5 cases,Case suffixes,Plural suffix,--,"All nouns, always obligatory",Two,Sex-based,Semantic and formal,Absent,Adjective-Noun,Demonstrative-Noun,Numeral-Noun,Genitive-Noun,Noun-Relative clause,SVO,No dominant order,VO
Wich’,wch,"['WALS-174', 'WALS-200', 'WALS-100']",wich1264,Matacoan,,Matacoan,South America,none,no concord,no concord,True,False,False,False,False,False,False,True,False,False,False,False,False,False,False,False,False,False,False,False,False,No case marking,No morphological case-marking,No case affixes or adpositional clitics,Plural suffix,No case,--,--,--,--,--,Noun-Adjective,Noun-Demonstrative,Numeral-Noun,Genitive-Noun,Noun-Relative clause,SVO,SV,VO
Basque,bsq,"['WALS-174', 'WALS-200', 'WALS-100', 'Hasp-100']",basq1248,Basque,,Basque,Eurasia,indeterminate-1cat,indeterminate,concord,True,False,True,True,False,False,False,True,False,False,False,False,False,False,True,False,False,False,False,False,False,Core cases only,10 or more cases,Postpositional clitics,Plural clitic,Monoexponential case,"All nouns, always obligatory",None,No gender,No gender,Absent,Noun-Adjective,Noun-Demonstrative,Numeral-Noun,Genitive-Noun,Relative clause-Noun,SOV,SV,OV
Khmu',kmu,"['WALS-174', 'WALS-200']",khmu1256,Palaung-Khmuic,Mon-Khmer,Austro-Asiatic,Eurasia,none-clf,no concord,no concord,True,False,False,False,False,False,False,True,False,False,False,False,False,True,True,False,False,False,False,False,False,No case marking,No morphological case-marking,No case affixes or adpositional clitics,No plural,--,--,Two,Sex-based,Semantic,Obligatory,Noun-Adjective,Noun-Demonstrative,Noun-Numeral,Noun-Genitive,--,SVO,SV,VO
Tsimshian (Coast),tsi,"['WALS-174', 'WALS-200']",nucl1649,Tsimshianic,,Penutian,North America,indeterminate-minimal-clf,indeterminate,concord,True,False,False,False,False,False,False,True,False,False,False,False,False,True,True,False,True,False,False,False,False,No case marking,No morphological case-marking,--,Plural prefix,--,--,None,No gender,No gender,Obligatory,Adjective-Noun,Noun-Demonstrative,Numeral-Noun,Noun-Genitive,Noun-Relative clause,VSO,VS,VO
Ingush,ing,"['WALS-174', 'WALS-200', 'Hasp-100']",ingu1240,Nakh,,Nakh-Daghestanian,Eurasia,mixed-subsective-crossed,mixed,concord,True,False,True,True,False,False,False,True,True,False,True,False,False,False,True,True,True,True,False,False,False,Core and non-core,10 or more cases,Case suffixes,Plural suffix,Monoexponential case,"All nouns, always obligatory*",Five or more,Sex-based,Semantic and formal,Absent,Adjective-Noun,Demonstrative-Noun,Numeral-Noun,Genitive-Noun,Relative clause-Noun,--,SV,--
Pirah‹,prh,"['WALS-174', 'WALS-200', 'WALS-100']",pira1253,Mura,,Mura,South America,none,no concord,no concord,True,False,False,False,False,False,False,True,False,False,False,False,False,False,True,False,False,False,False,False,False,No case marking,Exclusively borderline case-marking,Case suffixes,No plural,No case,No nominal plural,Four,Sex-based,Semantic,Absent,Noun-Adjective,Noun-Demonstrative,Noun-Numeral,Genitive-Noun,--,SOV,SV,OV
Cahuilla,cah,"['WALS-174', 'WALS-200']",cahu1264,California Uto-Aztecan,,Uto-Aztecan,North America,indeterminate-1ft,indeterminate,concord,True,False,True,False,False,False,False,True,False,False,False,False,False,False,True,False,True,False,False,False,False,No syncretism,5 cases,Case suffixes,Plural suffix,Monoexponential case,--,None,No gender,No gender,--,Adjective-Noun,--,--,Genitive-Noun,Noun-Relative clause,SOV,SV,OV
Jakaltek,jak,"['WALS-174', 'WALS-200', 'WALS-100']",popt1235,Mayan,,Mayan,North America,none,no concord,no concord,True,False,False,False,False,False,False,True,False,False,False,False,False,False,True,False,False,False,False,False,False,No case marking,No morphological case-marking,No case affixes or adpositional clitics,Plural word,No case,"All nouns, always optional",--,--,--,Obligatory,Adjective-Noun,Noun-Demonstrative,Numeral-Noun,Noun-Genitive,Noun-Relative clause,VSO,VS,VO
Shipibo-Konibo,shk,"['WALS-174', 'WALS-200', 'Hasp-100']",ship1254,Panoan,,Panoan,South America,none,no concord,no concord,True,False,False,False,False,False,False,True,False,False,False,False,False,False,True,False,False,False,False,False,False,No case marking,6-7 cases,Postpositional clitics,Plural suffix,--,"All nouns, always optional",None,No gender,No gender,Absent,No dominant order,Demonstrative-Noun,Numeral-Noun,Genitive-Noun,--,SOV,SV,OV
Asmat,asm,"['WALS-174', 'WALS-200', 'WALS-100']",tamn1235,Asmat-Kamoro,,Trans-New Guinea,Papunesia,none,no concord,no concord,True,False,False,False,False,False,False,True,False,False,False,False,False,False,True,False,False,False,False,False,False,No case marking,No morphological case-marking,No case affixes or adpositional clitics,Plural suffix,No case,--,None,No gender,No gender,--,Noun-Adjective,Demonstrative-Noun,Noun-Numeral,Genitive-Noun,Relative clause-Noun,SOV,SV,OV
Semelai,sml,"['WALS-174', 'WALS-200']",seme1247,Aslian,Mon-Khmer,Austro-Asiatic,Eurasia,none,no concord,no concord,True,False,False,False,False,False,False,True,False,False,False,False,False,False,True,False,False,False,False,False,False,--,3 cases,No case affixes or adpositional clitics,--,--,--,None,No gender,No gender,Obligatory,Noun-Adjective,Noun-Demonstrative,Numeral-Noun,Noun-Genitive,Noun-Relative clause,No dominant order,No dominant order,VO
Huitoto (Minica),hmi,"['WALS-174', 'WALS-200']",mini1256,Huitoto,,Huitotoan,South America,none,no concord,no concord,True,False,False,False,False,False,False,True,False,False,False,False,False,False,True,False,False,False,False,False,False,No syncretism,6-7 cases,Case suffixes,Plural suffix,--,--,--,--,--,--,Adjective-Noun,Demonstrative-Noun,Numeral-Noun,--,--,SOV,SV,OV
